Rank,Dept,Rows,AvgWeeklySales,TotalSales,SalesSharePct,CumulativeSharePct
1,92,279,149078.65,41592944.33,9.3,9.3
2,95,279,131829.28,36780368.76,8.23,17.53
3,90,279,89726.5,25033693.45,5.6,23.13
4,38,278,82777.63,23012181.89,5.15,28.28
5,91,280,72264.51,20234062.81,4.53,32.8
6,93,278,71036.79,19748227.24,4.42,37.22
7,40,279,68057.14,18987942.54,4.25,41.47
8,94,280,66309.93,18566779.24,4.15,45.62
9,72,280,59960.31,16788886.46,3.76,49.37
10,2,279,55815.54,15572536.6,3.48,52.86
11,8,279,46795.3,13055887.74,2.92,55.78
12,13,276,42265.59,11665302.27,2.61,58.39
13,4,279,41239.32,11505769.64,2.57,60.96
14,97,279,37843.12,10558229.93,2.36,63.32
15,87,279,35450.9,9890800.7,2.21,65.53
16,10,280,34925.78,9779219.62,2.19,67.72
17,79,279,33423.94,9325279.19,2.09,69.81
18,7,276,32535.7,8979854.31,2.01,71.82
19,96,257,33752.04,8674274.85,1.94,73.76
20,9,278,31125.67,8652935.11,1.94,75.69
21,81,279,30335.06,8463480.59,1.89,77.58
22,5,280,27375.59,7665164.39,1.71,79.3
23,1,277,26119.15,7235005.9,1.62,80.92
24,23,277,25479.83,7057912.35,1.58,82.5
25,46,279,24619.78,6868917.59,1.54,84.03
26,11,280,24217.07,6780779.66,1.52,85.55
27,16,211,31934.58,6738195.38,1.51,87.06
28,82,280,22650.54,6342151.29,1.42,88.47
29,80,277,21624.09,5989872.91,1.34,89.81
30,14,278,18334.83,5097083.62,1.14,90.95
31,3,211,17570.46,3707366.77,0.83,91.78
32,34,236,15537.23,3666787.2,0.82,92.6
33,74,241,15080.06,3634293.98,0.81,93.42
34,98,262,13124.86,3438714.49,0.77,94.19
35,49,242,14111.86,3415069.91,0.76,94.95
36,25,217,13926.37,3022021.37,0.68,95.63
37,58,135,21666.8,2925017.73,0.65,96.28
38,55,173,15587.07,2696563.01,0.6,96.88
39,17,170,13462.1,2288556.57,0.51,97.39
40,22,131,13699.51,1794635.46,0.4,97.8
41,18,67,26710.74,1789619.26,0.4,98.2
42,32,93,15108.56,1405096,0.31,98.51
43,67,85,15778.19,1341145.85,0.3,98.81
44,12,98,11527.9,1129734.67,0.25,99.06
45,21,59,11680.97,689177.15,0.15,99.22
46,56,48,14145.62,678989.61,0.15,99.37
47,26,54,12469.76,673367.05,0.15,99.52
48,24,42,15300.59,642624.59,0.14,99.66
49,33,34,13707.26,466046.74,0.1,99.77
50,6,22,16875.82,371267.94,0.08,99.85
51,29,14,13267.36,185743.1,0.04,99.89
52,42,10,10390.98,103909.77,0.02,99.92
53,44,9,11483,103347,0.02,99.94
54,31,8,10874.1,86992.78,0.02,99.96
55,59,4,17845.61,71382.42,0.02,99.97
56,41,3,10968.94,32906.82,0.01,99.98
57,71,2,11138.82,22277.64,0,99.99
58,83,1,11934.82,11934.82,0,99.99
59,85,1,11934.82,11934.82,0,99.99
60,27,1,11934.82,11934.82,0,99.99
61,37,1,11934.82,11934.82,0,100
62,36,1,10937,10937,0,100
