Dept,HolidayRows,RegularRows,HolidayAvg,RegularAvg,UpliftPct
1,20,257,29690.73,25841.21,14.9
2,20,259,54540.59,55914,-2.46
3,16,195,14002.05,17863.25,-21.62
4,19,260,44469.02,41003.3,8.45
5,20,260,41884.44,26259.52,59.5
6,5,17,19984.59,15961.47,25.21
7,19,257,43938.94,31692.66,38.64
8,20,259,46867.88,46789.69,0.17
9,20,258,34110.89,30894.25,10.41
10,20,260,35281.47,34898.42,1.1
11,20,260,22964.88,24313.39,-5.55
12,3,95,11406.18,11531.75,-1.09
13,19,257,42422.62,42253.98,0.4
14,20,258,26150.6,17728.96,47.5
16,11,200,16517.88,32782.49,-49.61
17,16,154,14552.39,13348.82,9.02
18,14,53,26906.58,26659,0.93
21,5,54,11647.69,11684.05,-0.31
22,16,115,16418.16,13321.26,23.25
23,19,258,25967.79,25443.89,2.06
24,5,37,13552.81,15536.77,-12.77
25,14,203,13931.92,13925.98,0.04
26,6,48,13485.96,12342.73,9.26
27,0,1,,11934.82,
29,3,11,10778.08,13946.26,-22.72
31,0,8,,10874.1,
32,11,82,15089.5,15111.12,-0.14
33,4,30,12632.53,13850.55,-8.79
34,16,220,15094.58,15569.43,-3.05
36,0,1,,10937,
37,0,1,,11934.82,
38,20,258,77441.26,83191.31,-6.91
40,20,259,68868.42,67994.49,1.29
41,0,3,,10968.94,
42,0,10,,10390.98,
44,2,7,10842.4,11666.03,-7.06
46,20,259,25822,24526.94,5.28
49,16,226,13822.2,14132.37,-2.19
55,14,159,25054.32,14753.48,69.82
56,0,48,,14145.62,
58,10,125,25698.34,21344.27,20.4
59,1,3,12052.16,19776.75,-39.06
67,7,78,17969.91,15581.49,15.33
71,0,2,,11138.82,
72,20,260,107478.84,56305.04,90.89
74,20,221,17625.07,14849.74,18.69
79,20,259,33786.74,33395.92,1.17
80,20,257,21730.06,21615.84,0.53
81,20,259,30201.83,30345.34,-0.47
82,20,260,24625.5,22498.62,9.45
83,0,1,,11934.82,
85,0,1,,11934.82,
87,19,260,38129.51,35255.15,8.15
90,20,259,95272.23,89298.26,6.69
91,20,260,72121.78,72275.49,-0.21
92,20,259,163948.72,147930.39,10.83
93,20,258,75009.15,70728.85,6.05
94,20,260,64836.52,66423.27,-2.39
95,20,259,127439.37,132168.27,-3.58
96,19,238,36665.23,33519.48,9.38
97,20,259,37380.7,37878.83,-1.32
98,19,243,15382.5,12948.34,18.8
