Dept,Month,Rows,AvgWeeklySales,TotalSales
1,1,16,19839.74,317435.8
1,2,23,37593.93,864660.33
1,3,26,25087.71,652280.36
1,4,27,36295.44,979976.99
1,5,24,20474.15,491379.65
1,6,26,19873.16,516702.09
1,7,28,19328.64,541201.87
1,8,26,19166.16,498320.24
1,9,23,20974.18,482406.15
1,10,22,29766.35,654859.81
1,11,16,27307.23,436915.72
1,12,20,39943.34,798866.89
2,1,16,51754.5,828071.97
2,2,24,58096.2,1394308.7
2,3,26,56330.33,1464588.48
2,4,28,55490.7,1553739.51
2,5,24,55579.35,1333904.31
2,6,26,56968.57,1481182.89
2,7,28,55830.89,1563264.78
2,8,26,58409.49,1518646.8
2,9,23,53424.57,1228765.05
2,10,22,51951.17,1142925.72
2,11,16,54314.16,869026.63
2,12,20,59705.59,1194111.76
3,1,16,14186.45,226983.15
3,2,23,12766.49,293629.23
3,3,18,11643.34,209580.11
3,4,17,11284.49,191836.32
3,5,14,11115.38,155615.29
3,6,13,11043.52,143565.76
3,7,23,19585.71,450471.24
3,8,26,45588.85,1185310.2
3,9,21,15670.44,329079.26
3,10,13,11724.41,152417.29
3,11,10,11753.89,117538.87
3,12,17,14784.71,251340.05
4,1,16,40171.73,642747.75
4,2,23,41330.63,950604.46
4,3,26,40136.21,1043541.49
4,4,28,39975.17,1119304.84
4,5,24,40708.6,977006.32
4,6,26,41826.02,1087476.61
4,7,28,41428.7,1160003.46
4,8,26,42976.59,1117391.44
4,9,24,39097.46,938339
4,10,22,38828.4,854224.72
4,11,16,45095.04,721520.56
4,12,20,44680.45,893608.99
5,1,16,22346.54,357544.7
5,2,24,34060.03,817440.65
5,3,26,28476.59,740391.38
5,4,28,24038.36,673073.97
5,5,24,19011.95,456286.72
5,6,26,22808.74,593027.17
5,7,28,19798.79,554366.06
5,8,26,19816.79,515236.63
5,9,24,20388.23,489317.4
5,10,22,25595.55,563102.05
5,11,16,45316.07,725057.1
5,12,20,59016.03,1180320.56
6,2,2,11541.9,23083.79
6,3,1,11934.82,11934.82
6,4,1,11934.82,11934.82
6,5,2,12415.62,24831.24
6,6,2,10738.69,21477.37
6,11,4,21857.95,87431.8
6,12,10,19057.41,190574.1
7,1,15,16245.81,243687.11
7,2,22,23572.33,518591.34
7,3,26,24550.48,638312.41
7,4,28,26813.54,750779.21
7,5,24,30861.63,740679.13
7,6,26,37786.56,982450.54
7,7,28,25422.8,711838.5
7,8,26,21276.27,553183.08
7,9,23,20976.07,482449.65
7,10,22,23887.44,525523.65
7,11,16,51764.6,828233.54
7,12,20,100206.31,2004126.15
8,1,16,46562.49,744999.84
8,2,24,49931.87,1198364.98
8,3,26,46415.19,1206794.93
8,4,28,46782.03,1309896.82
8,5,24,48055.13,1153323.03
8,6,26,48193.84,1253039.94
8,7,28,46148.46,1292156.89
8,8,26,45105.62,1172746.01
8,9,23,43927.91,1010341.83
8,10,22,44288.05,974337.15
8,11,16,46980.79,751692.71
8,12,20,49409.68,988193.61
9,1,16,16916.04,270656.7
9,2,24,22149.78,531594.82
9,3,26,34854.65,906220.81
9,4,27,33222.44,897005.96
9,5,24,30946.82,742723.56
9,6,26,33732.1,877034.49
9,7,28,26449.84,740595.48
9,8,26,27342.36,710901.24
9,9,23,37904.11,871794.6
9,10,22,34191.26,752207.71
9,11,16,39614.74,633835.79
9,12,20,35918.2,718363.95
10,1,16,28578.3,457252.76
10,2,24,36756.33,882151.97
10,3,26,38185.65,992826.9
10,4,28,35353.49,989897.59
10,5,24,34331.21,823949.1
10,6,26,37714.55,980578.21
10,7,28,35877.95,1004582.53
10,8,26,35414.14,920767.6
10,9,24,34222.71,821345.12
10,10,22,31762.61,698777.33
10,11,16,33604.37,537669.98
10,12,20,33471.03,669420.53
11,1,16,23225.23,371603.62
11,2,24,21072.37,505736.79
11,3,26,20698.69,538166.06
11,4,28,20773.3,581652.33
11,5,24,24431.16,586347.89
11,6,26,33497.55,870936.38
11,7,28,28937.26,810243.39
11,8,26,25110.45,652871.69
11,9,24,18191.92,436606.12
11,10,22,18958.83,417094.21
11,11,16,25433.93,406942.85
11,12,20,30128.92,602578.33
12,2,3,11191.22,33573.66
12,3,13,12250.01,159250.19
12,4,13,11616.44,151013.75
12,5,12,12005.48,144065.78
12,6,12,11539.6,138475.16
12,7,15,11380.95,170714.22
12,8,11,11162.55,122788.03
12,9,8,10959.18,87673.42
12,10,9,11183.33,100649.93
12,11,2,10765.27,21530.53
13,1,16,41228.78,659660.44
13,2,23,43863.9,1008869.78
13,3,26,42551.81,1106347.13
13,4,27,40824.27,1102255.36
13,5,24,42034.59,1008830.12
13,6,26,43363.4,1127448.49
13,7,28,42439.72,1188312.02
13,8,26,43545.35,1132179.12
13,9,23,42875.73,986141.87
13,10,21,41857.94,879016.64
13,11,16,42692.36,683077.81
13,12,20,39158.17,783163.49
14,1,16,16370.34,261925.39
14,2,24,20561.43,493474.29
14,3,26,17406.77,452576.04
14,4,28,15670.03,438760.81
14,5,24,17173.5,412164.09
14,6,26,16529.88,429776.89
14,7,27,15762.86,425597.18
14,8,26,15459.34,401942.83
14,9,24,14995.31,359887.35
14,10,21,14845.28,311750.82
14,11,16,26717.65,427482.34
14,12,20,34087.28,681745.59
16,2,18,14749.66,265493.79
16,3,26,35631.76,926425.71
16,4,27,49365.54,1332869.49
16,5,24,44321.74,1063721.75
16,6,26,44391.68,1154183.55
16,7,28,32134.98,899779.53
16,8,26,21506.95,559180.61
16,9,23,16505.85,379634.61
16,10,12,12212.65,146551.83
16,11,1,10354.51,10354.51
17,1,8,12455.62,99644.93
17,2,20,14560.87,291217.45
17,3,20,13409.86,268197.14
17,4,13,11403.74,148248.57
17,5,14,12407.55,173705.72
17,6,14,12552.45,175734.3
17,7,14,12453.14,174343.94
17,8,15,13549.92,203248.77
17,9,12,12758.71,153104.54
17,10,10,12012.47,120124.65
17,11,11,14565.11,160216.17
17,12,19,16882.65,320770.39
18,1,1,11130.93,11130.93
18,2,12,20388.87,244666.43
18,4,8,16271.78,130174.27
18,10,11,17992.26,197914.82
18,11,15,22891.14,343367.17
18,12,20,43118.28,862365.64
21,2,5,12015.73,60078.64
21,3,6,11323.16,67938.94
21,4,8,10713.22,85705.79
21,5,5,10815.01,54075.05
21,6,5,11486.54,57432.7
21,7,6,11573.66,69441.93
21,8,2,10844.22,21688.44
21,9,2,10793.85,21587.69
21,10,2,10869.9,21739.79
21,11,7,11447.02,80129.12
21,12,11,13578.1,149359.06
22,1,8,12359.08,98872.67
22,2,20,16094.56,321891.27
22,3,16,13228.29,211652.69
22,4,8,11046.89,88375.1
22,5,5,10867.07,54335.37
22,6,7,10753.78,75276.43
22,7,14,11259.81,157637.28
22,8,12,11653.03,139836.41
22,9,7,11712.33,81986.34
22,10,7,12777.66,89443.62
22,11,10,17109.24,171092.39
22,12,17,17896.23,304235.89
23,1,16,19041.95,304671.15
23,2,22,25713.28,565692.16
23,3,26,22802.76,592871.74
23,4,28,22961.54,642923.2
23,5,24,24210.06,581041.37
23,6,26,30015.14,780393.64
23,7,28,23780.72,665860.27
23,8,26,27851.78,724146.33
23,9,23,18009.17,414210.8
23,10,22,21399.92,470798.34
23,11,16,28996.19,463939.09
23,12,20,42568.21,851364.26
24,2,1,11838.72,11838.72
24,4,1,11934.82,11934.82
24,7,1,10894.4,10894.4
24,8,21,15893.01,333753.11
24,11,5,13336.76,66683.79
24,12,13,15963.06,207519.75
25,1,4,11470.65,45882.58
25,2,20,13850.54,277010.84
25,3,26,14270.1,371022.58
25,4,28,14114.27,395199.63
25,5,22,13931.04,306482.78
25,6,23,14150.21,325454.91
25,7,18,12935.24,232834.38
25,8,20,13548.13,270962.51
25,9,10,12117.69,121176.9
25,10,15,12698.94,190484.15
25,11,13,14136.76,183777.85
25,12,18,16762.9,301732.26
26,2,10,11458.93,114589.26
26,3,9,10758.88,96829.91
26,4,7,11941.65,83591.52
26,5,2,10577.19,21154.38
26,10,7,12182.13,85274.91
26,11,8,13731.65,109853.23
26,12,11,14733.99,162073.84
27,7,1,11934.82,11934.82
29,2,4,10672.74,42690.97
29,11,1,10613.4,10613.4
29,12,9,14715.41,132438.73
31,8,6,10736.72,64420.3
31,9,1,11934.82,11934.82
31,12,1,10637.66,10637.66
32,1,1,10452.8,10452.8
32,2,17,17656.95,300168.11
32,3,9,11761.27,105851.43
32,4,6,10919.67,65518.02
32,5,14,14191.4,198679.55
32,6,8,11712.59,93700.7
32,7,7,10529.19,73704.3
32,8,5,10481.62,52408.08
32,9,1,11614.06,11614.06
32,10,4,10247.21,40988.83
32,11,5,11767.01,58835.04
32,12,16,24573.44,393175.08
33,8,18,12858.69,231456.47
33,11,4,12632.53,50530.12
33,12,12,15338.35,184060.15
34,1,8,12095.63,96765.05
34,2,24,15107.93,362590.3
34,3,25,15434.17,385854.19
34,4,25,15598.45,389961.24
34,5,24,17216.33,413191.81
34,6,25,17546.27,438656.85
34,7,23,15308.26,352089.96
34,8,24,14582,349968.08
34,9,10,13168.41,131684.06
34,10,14,13456.65,188393.15
34,11,15,15788.56,236828.43
34,12,19,16884.43,320804.08
36,6,1,10937,10937
37,9,1,11934.82,11934.82
38,1,16,84284.71,1348555.36
38,2,23,89858.14,2066737.14
38,3,26,90364.16,2349468.04
38,4,28,87859.46,2460064.75
38,5,24,87271.18,2094508.24
38,6,26,80257.8,2086702.84
38,7,28,76626.27,2145535.56
38,8,26,76910.93,1999684.31
38,9,23,79054.34,1818249.78
38,10,22,80367.45,1768083.88
38,11,16,78800.09,1260801.47
38,12,20,80689.53,1613790.52
40,1,16,70691.57,1131065.19
40,2,24,74936.66,1798479.91
40,3,26,72245.11,1878372.91
40,4,28,68823.03,1927044.83
40,5,24,67870.73,1628897.52
40,6,26,65824.15,1711427.93
40,7,28,63153.42,1768295.74
40,8,26,64486.02,1676636.46
40,9,23,65737.7,1511966.99
40,10,22,65295.94,1436510.75
40,11,16,67834.25,1085348.03
40,12,20,71694.81,1433896.28
41,10,1,10499,10499
41,12,2,11203.91,22407.82
42,2,1,10965.25,10965.25
42,3,2,10206.31,20412.62
42,4,1,10724.78,10724.78
42,5,1,10142.33,10142.33
42,6,1,10004.38,10004.38
42,7,1,10220.35,10220.35
42,8,1,10386.47,10386.47
42,10,2,10526.8,21053.59
44,11,2,10842.4,21684.79
44,12,7,11666.03,81662.21
46,1,16,20712.92,331406.78
46,2,24,25101.3,602431.19
46,3,26,24100.46,626612.03
46,4,28,23690.84,663343.47
46,5,24,25096.23,602309.44
46,6,26,26642.59,692707.42
46,7,28,23707.63,663813.7
46,8,26,22869.38,594603.95
46,9,23,20822.86,478925.67
46,10,22,20923.92,460326.25
46,11,16,23438.7,375019.21
46,12,20,38870.92,777418.48
49,1,16,13725.42,219606.68
49,2,23,16295.75,374802.21
49,3,26,15889.13,413117.37
49,4,22,14238.67,313250.7
49,5,22,13594.66,299082.51
49,6,21,13251.35,278278.29
49,7,24,13924.81,334195.36
49,8,26,14677.94,381626.49
49,9,20,14057.55,281151.06
49,10,17,12564.36,213594.09
49,11,11,12526.35,137789.84
49,12,14,12041.09,168575.31
55,1,11,11774.54,129519.91
55,2,24,16295.6,391094.37
55,3,24,13580,325920
55,4,17,11576.63,196802.72
55,5,10,10989.61,109896.08
55,6,11,12092.35,133015.84
55,7,12,11677,140124.02
55,8,7,11019.77,77138.4
55,9,6,11340.62,68043.73
55,10,15,11528.66,172929.88
55,11,16,21448.56,343177.03
55,12,20,30445.05,608901.03
56,3,13,13995.71,181944.17
56,4,25,14866.4,371660.09
56,5,10,12538.54,125385.35
58,1,8,19208.88,153671
58,2,12,22595.74,271148.91
58,3,13,20789.76,270266.91
58,4,14,18692.29,261692
58,5,11,17241.63,189657.97
58,6,13,21851.85,284074
58,7,14,23044.07,322616.97
58,8,13,23123.65,300607.47
58,9,10,20469.1,204691
58,10,9,20605.06,185445.5
58,11,8,25001.5,200012
58,12,10,28113.4,281134
59,12,4,17845.61,71382.42
67,2,16,19296.99,308751.85
67,3,4,10529.62,42118.47
67,4,6,12200.85,73205.09
67,5,18,19561.14,352100.44
67,6,18,14485.16,260732.88
67,9,1,10419.98,10419.98
67,10,6,10711.08,64266.48
67,11,5,10387.52,51937.62
67,12,11,16146.64,177613.04
71,9,1,11934.82,11934.82
71,12,1,10342.82,10342.82
72,1,16,52200.13,835202.14
72,2,24,89247,2141928.02
72,3,26,60704.09,1578306.28
72,4,28,47348.3,1325752.46
72,5,24,46659.4,1119825.61
72,6,26,49906.27,1297562.89
72,7,28,45574.75,1276092.87
72,8,26,53216.29,1383623.59
72,9,24,51141.2,1227388.89
72,10,22,49225.74,1082966.37
72,11,16,104486.81,1671788.97
72,12,20,92422.42,1848448.37
74,1,15,15762.1,236431.44
74,2,23,16375.73,376641.76
74,3,25,15027.4,375685
74,4,18,14282.15,257078.66
74,5,23,13394.76,308079.43
74,6,26,14865.11,386492.85
74,7,24,15701.99,376847.81
74,8,26,15480.84,402501.72
74,9,19,13775.92,261742.49
74,10,12,13879.15,166549.79
74,11,13,16816.96,218620.54
74,12,17,15742.5,267622.49
79,1,16,31608.05,505728.82
79,2,24,37231.43,893554.35
79,3,26,34888.21,907093.54
79,4,28,33049.77,925393.44
79,5,24,33500.62,804014.82
79,6,26,33622.81,874193.01
79,7,28,32599.05,912773.39
79,8,26,33144.31,861752.15
79,9,23,33121.3,761789.9
79,10,22,32121.36,706670
79,11,16,32734.95,523759.12
79,12,20,32427.83,648556.65
80,1,16,20373.98,325983.74
80,2,24,21974.14,527379.4
80,3,26,21799.57,566788.77
80,4,28,21668.1,606706.74
80,5,24,21236.36,509672.53
80,6,26,21844.77,567963.92
80,7,25,22147.48,553687.05
80,8,26,22128.73,575346.95
80,9,24,21410.74,513857.76
80,10,22,20840.79,458497.36
80,11,16,21382.41,342118.54
80,12,20,22093.51,441870.15
81,1,16,29811.04,476976.59
81,2,24,30762.95,738310.78
81,3,26,30987.07,805663.71
81,4,28,30754.96,861138.84
81,5,24,31172.06,748129.38
81,6,26,31555.32,820438.25
81,7,28,29890.68,836938.91
81,8,26,30324.8,788444.71
81,9,23,29335.56,674717.86
81,10,22,29173.12,641808.61
81,11,16,30453.36,487253.79
81,12,20,29182.96,583659.16
82,1,16,19680.67,314890.77
82,2,24,22187.79,532506.98
82,3,26,20913.06,543739.44
82,4,28,19842.96,555602.75
82,5,24,21122.44,506938.47
82,6,26,22111.98,574911.48
82,7,28,20428.4,571995.24
82,8,26,20612.21,535917.51
82,9,24,19687.96,472511.08
82,10,22,20476.32,450479.06
82,11,16,23298.23,372771.75
82,12,20,45494.34,909886.76
83,2,1,11934.82,11934.82
85,3,1,11934.82,11934.82
87,1,16,34326.61,549225.72
87,2,23,39558.2,909838.65
87,3,26,34426.82,895097.37
87,4,28,30786.5,862021.89
87,5,24,33100.32,794407.73
87,6,26,35176.73,914594.9
87,7,28,34614.4,969203.17
87,8,26,36628.23,952333.86
87,9,24,36200.9,868821.69
87,10,22,37359.6,821911.16
87,11,16,36065.12,577041.88
87,12,20,38815.13,776302.68
90,1,16,91029.7,1456475.12
90,2,24,91412.06,2193889.37
90,3,26,88105.28,2290737.24
90,4,28,86727.34,2428365.49
90,5,24,86136.47,2067275.34
90,6,26,88755.28,2307637.21
90,7,28,87274.68,2443691.01
90,8,26,90172.44,2344483.53
90,9,23,89339.89,2054817.5
90,10,22,87344.28,1921574.08
90,11,16,98242.95,1571887.27
90,12,20,97643.01,1952860.29
91,1,16,72982.34,1167717.5
91,2,24,75742.18,1817812.25
91,3,26,72709.3,1890441.68
91,4,28,71103.59,1990900.43
91,5,24,72267.93,1734430.38
91,6,26,73596.19,1913500.86
91,7,28,72606.16,2032972.48
91,8,26,74438.81,1935409.08
91,9,24,71646.79,1719522.89
91,10,22,69216.05,1522753.03
91,11,16,71324.77,1141196.31
91,12,20,68370.3,1367405.92
92,1,16,154213.02,2467408.28
92,2,24,156864.89,3764757.46
92,3,26,146604.88,3811726.87
92,4,28,143188.94,4009290.38
92,5,24,142366.8,3416803.16
92,6,26,143328.14,3726531.64
92,7,28,136702.55,3827671.35
92,8,26,146043.92,3797141.82
92,9,23,144208.19,3316788.27
92,10,22,146037.84,3212832.57
92,11,16,179983.2,2879731.27
92,12,20,168113.06,3362261.26
93,1,16,70345.78,1125532.46
93,2,23,70321.11,1617385.59
93,3,26,68307.51,1775995.18
93,4,28,69363.97,1942191.25
93,5,24,70705.68,1696936.32
93,6,26,73151.77,1901945.91
93,7,28,71415.02,1999620.6
93,8,26,70242.15,1826295.77
93,9,23,70759.96,1627479.11
93,10,22,68380.73,1504376.01
93,11,16,79842.65,1277482.34
93,12,20,72649.34,1452986.7
94,1,16,61490.39,983846.18
94,2,24,69360.87,1664660.82
94,3,26,65851.58,1712141.05
94,4,28,69976.05,1959329.49
94,5,24,73837.61,1772102.54
94,6,26,69072.72,1795890.61
94,7,28,65033.36,1820934.2
94,8,26,69207.21,1799387.46
94,9,24,65349.09,1568378.08
94,10,22,61288.79,1348353.47
94,11,16,61961.17,991378.65
94,12,20,57518.83,1150376.69
95,1,16,120109.39,1921750.25
95,2,24,125718.32,3017239.72
95,3,26,129498.45,3366959.72
95,4,28,130083.32,3642332.96
95,5,24,135890.33,3261367.96
95,6,26,144638.67,3760605.45
95,7,28,136939.06,3834293.68
95,8,26,140669.16,3657398.19
95,9,23,133281.81,3065481.62
95,10,22,127241.77,2799318.83
95,11,16,123431.9,1974910.4
95,12,20,123935.5,2478709.98
96,1,16,27579.06,441264.91
96,2,20,30706.78,614135.66
96,3,22,32671.46,718772.08
96,4,23,34178.75,786111.28
96,5,20,36859.2,737183.94
96,6,22,39956.4,879040.79
96,7,27,36899.72,996292.36
96,8,26,33422.59,868987.4
96,9,23,32270.4,742219.24
96,10,22,31852.37,700752.23
96,11,16,33015.37,528245.84
96,12,20,33063.46,661269.12
97,1,16,36697.78,587164.42
97,2,24,37038.22,888917.18
97,3,26,36661.25,953192.4
97,4,28,36707.41,1027807.58
97,5,24,38043.04,913033
97,6,26,39516.32,1027424.39
97,7,28,38452.34,1076665.58
97,8,26,38809.55,1009048.22
97,9,23,38628.27,888450.29
97,10,22,37992.58,835836.69
97,11,16,37485.43,599766.82
97,12,20,37546.17,750923.36
98,1,14,11522.07,161308.98
98,2,24,14466.18,347188.29
98,3,26,12527.81,325722.93
98,4,27,13314.56,359493.03
98,5,24,13060.15,313443.67
98,6,21,12729.26,267314.52
98,7,22,12321.9,271081.74
98,8,24,11670.67,280096.19
98,9,23,11883.81,273327.62
98,10,22,12995.91,285909.99
98,11,16,15254.14,244066.3
98,12,19,16303.22,309761.23
